endTime,artistName,trackName,msPlayed
2023-03-14 22:17,MIMI,Ai no Sukima,13200
2023-03-14 22:17,Volbeat,Ecotone,13250
2023-03-14 22:17,Anri,A HOPE FROM SAD STREET,870
2023-03-14 22:17,SQUARE ENIX MUSIC,Dispossession - Strings Ver.,1250
2023-03-14 22:17,Interlunium,Intergalactic Disco,1240
2023-03-14 22:17,S. Kiyotaka & Omega Tribe,Route 134,600
2023-03-14 22:17,Syrex,Just Dance (Nightcore),6460
2023-03-14 22:17,Their Dogs Were Astronauts,Stormwater,680
2023-03-14 22:17,GALNERYUS,WINGS OF JUSTICE,2450
2023-03-14 22:17,Saraceno,Mantra,730
2023-03-14 22:17,Sugar&Co.,tape/stop/night,650
2023-03-14 22:17,Trivium,The Heart from Your Hate,1530
2023-03-14 22:17,Jacob's Piano,"G Minor Bach (From ""Piano Tiles 2"")",1040
2023-03-14 22:17,Jacob's Piano,"G Minor Bach (From ""Piano Tiles 2"")",9240
2023-03-14 22:17,Yusei,Tell Me Pretty Lies,800
2023-03-14 22:17,Anri,SHYNESS BOY,520
2023-03-14 22:17,Vestron Vulture,Hair On Fire,1660
2023-03-14 22:17,S. Kiyotaka & Omega Tribe,Ai No Shinkiro,1020
2023-03-14 22:17,BAND-MAID,Manners,820
2023-03-14 22:17,TOKYOPILL,End of TOKYO,12010
2023-03-14 22:17,TOKYOPILL,End of TOKYO,610
2023-03-14 22:18,Chet Baker,Autumn Leaves,1010
2023-03-14 22:18,S. Kiyotaka & Omega Tribe,サイレンスがいっぱい,1450
2023-03-14 22:18,岡部啓一,Weight of the World - English Version - J'Nique Nicole,900
2023-03-14 22:18,1986 OMEGA TRIBE,Older Girl,650
2023-03-14 22:18,Lizz Robinett,"Lost in Thoughts All Alone (From ""Fire Emblem Fates"")",730
2023-03-14 22:18,SQUARE ENIX MUSIC,Ashes of Dreams / New - English Version,860
2023-03-14 22:18,ShibayanRecords,タイニーリトル・アジアンタム,870
2023-03-14 22:18,Marcell,Jangan Pernah Berubah,900
2023-03-14 22:18,Deko,Midnight Tokyo,1190
2023-03-14 22:18,Elton John,Goodbye Yellow Brick Road - Remastered 2014,790
2023-03-14 22:18,Lily Chou-Chou,回復する傷,640
2023-03-14 22:19,1986 OMEGA TRIBE,Older Girl,550
2023-03-14 22:19,Deko,Midnight Tokyo,109510
2023-03-14 22:20,Buckethead,Soothsayer (Dedicated to Aunt Suzie),970
2023-03-14 22:20,GALNERYUS,TIME WILL TELL,2050
2023-03-14 22:20,GALNERYUS,TIME WILL TELL,1060
2023-03-14 22:20,GALNERYUS,TIME WILL TELL,1020
2023-03-14 22:20,GALNERYUS,TIME WILL TELL,640
2023-03-14 22:20,Sewerslvt,Mr. Kill Myself,1030
2023-03-14 22:20,DJ 3D,Junglist Massive,1420
2023-03-14 22:20,Cesium 137,Transient,980
2023-03-14 22:20,Imperial Circus Dead Decadence,悲痛なる跫音は哀しき邂逅 mode:α feat. Yuto Iizuka,710
2023-03-14 22:20,Engelbert Humperdinck,All This World And The Seven Seas,1400
2023-03-14 22:20,HEIZE,We don't talk together (Prod. by SUGA),1090
2023-03-14 22:20,Guthrie Govan,Hollywood Woman,2130
2023-03-14 22:20,Tomoko Aran,Body to Body,1020
2023-03-14 22:20,Tomoko Aran,Body to Body,540
2023-03-14 22:20,TOKYOPILL,Speed Star,600
2023-03-14 22:20,YOASOBI,ラブレター,9220
2023-03-14 22:20,Luna Li,Gimme Love - ASIA RISING FOREVER,980
2023-03-14 22:20,Luna Li,Gimme Love - ASIA RISING FOREVER,690
2023-03-14 22:20,Laica,Close to Me,1210
2023-03-14 22:20,Masayoshi Takanaka,BLUE CURACAO,1250
2023-03-14 22:24,Laica,Close to Me,211746
2023-03-14 22:25,TOKYOPILL,Speed Star,68413
2023-03-14 22:29,Ariabl'eyeS,Kegarenaki Barajuuji,265790
2023-03-14 22:29,Ariabl'eyeS,Meimei Memoria,12000
2023-03-14 22:30,Sanna Aalto,Movement,1570
2023-03-14 22:30,frxzen,Already Rich,450
2023-03-14 22:30,TWICE,CRY FOR ME,1550
2023-03-14 22:30,Ariabl'eyeS,Romanesque Romancia,22860
2023-03-14 22:30,Yeat,No morë talk,7210
2023-03-14 22:30,Besomage,I Will Survive,7360
2023-03-14 22:31,Ariabl'eyeS,Kegarenaki Barajuuji,10930
2023-03-14 22:31,Ariabl'eyeS,Symmetric Rose,12390
2023-03-14 22:31,Nightwish,Élan,56350
2023-03-14 22:32,ANIZYZ,Stay With Me,5880
2023-03-14 22:32,GALNERYUS,WITH PRIDE,19790
2023-03-14 22:33,SICK LEGEND,SUMMER TIME SADNESS HARDSTYLE,88357
2023-03-14 22:34,Brenton Kossak,Pick of the Litter,10322
2023-03-14 22:34,Japanese Breakfast,"Kokomo, IN",2860
2023-03-14 22:34,SICK LEGEND,AOT HARDSTYLE,17830
2023-03-14 22:34,Alucard,Breathe X Obito Hardstyle,1460
2023-03-14 22:35,DOLL$BOXX,Sub-Liminal,8071
2023-03-14 22:35,zeinxd,Berserk,78528
2023-03-14 22:39,Arkadiusz Reikowski,My Brother Rabbit: Dreams (Original Game Soundtrack),6090
2023-03-14 22:39,Luna Li,mirror,6823
2023-03-14 22:39,Aimer,closer,5360
2023-03-14 22:39,Breakfast Club,Kiss And Tell,2250
2023-03-14 22:39,Varien,Can You Feel My Heart,12140
2023-03-14 22:39,slchld,"she likes spring, I prefer winter",207436
2023-03-14 22:40,Castle Carousel,Internet Moms,10180
2023-03-14 22:42,ThxSoMch,SPIT IN MY FACE!,142900
2023-03-14 22:44,'Til Tuesday,Winning the War,630
2023-03-14 22:44,Frou Frou,A New Kind Of Love - Demo,640
2023-03-14 22:44,Beast In Black,One Night in Tokyo,1590
2023-03-14 22:44,Elvis Presley,Blue Christmas,370
2023-03-14 22:44,Polyphia,Chimera (feat. Lil West),410
2023-03-14 22:44,HammerFall,Hearts on Fire,480
2023-03-14 22:44,IRONBUNNY,23 -twenty three-,930
2023-03-14 22:44,Sugar&Co.,FM17314 Sugar Radio,500
2023-03-14 22:44,Animals As Leaders,The Brain Dance,1920
2023-03-14 22:44,PUBLIC,Splash,400
2023-03-14 22:44,Martin Arteta,Past Lives,650
2023-03-14 22:44,Cocteau Twins,In Our Angelhood,1630
2023-03-14 22:44,Cocteau Twins,In Our Angelhood,5370
2023-03-14 22:44,Masego,Sunday Vibes,560
2023-03-14 22:44,Masego,Sunday Vibes,300
2023-03-14 22:44,Jason Becker,Magic Woman,500
2023-03-14 22:44,Æther Realm,Redneck Vikings from Hell,430
2023-03-14 22:44,Seals and Crofts,Summer Breeze,770
2023-03-14 22:44,Platina Jazz,"Come, Sweet Death (From ""Neon Genesis Evangelion"") (feat. Niklas Gabrielsson)",700
2023-03-14 22:44,bôa,Elephant,160
2023-03-14 22:44,Laufey,I Wish You Love,1420
2023-03-14 22:44,Them Crooked Vultures,New Fang,550
2023-03-14 22:44,Masayuki Suzuki,ラブ・ドラマティック (Funky Flag Version),660
2023-03-14 22:44,Stratovarius,Stratosphere,480
2023-03-14 22:44,HAARPER,SKINWALKER,510
2023-03-14 22:44,Joe Hisaishi,Merry-Go-Round of Life - from 'Howl's Moving Castle',620
2023-03-14 22:44,Polyphia,Reverie,550
2023-03-14 22:44,Michiko Mada,Soko Kara Miteta,600
2023-03-14 22:44,Strawberry Milk Cult,Polarbear!,102160
2023-03-14 22:44,HAARPER,The Alchemist,1520
2023-03-14 22:44,Xanthochroid,The Sound of Hunger Rises,580
2023-03-14 22:44,Purity Ring,soshy,470
2023-03-14 22:44,Their Dogs Were Astronauts,Stormwater,630
2023-03-14 22:44,Blue Brew Music,Animal Crossing (The Roost),590
2023-03-14 22:44,Blue Brew Music,Animal Crossing (The Roost),5130
2023-03-14 22:44,Interlunium,Blue Moon Blue Ocean - Japanese Version,280
2023-03-14 22:44,Engelbert Humperdinck,Quando Quando Quando,390
2023-03-14 22:44,GALNERYUS,HEAVENLY PUNISHMENT,980
2023-03-14 22:44,Gia Margaret,no sleep no dream,570
2023-03-14 22:44,Dmitri Shostakovich,Jazz Suite No. 2: VI. Waltz 2,610
2023-03-14 22:44,Ryo Fukui,It Could Happen To You,510
2023-03-14 22:44,cluppo,Peace&Love,620
2023-03-14 22:44,Machine Girl,Ghost,410
2023-03-14 22:44,Masayoshi Takanaka,I REMEMBER CLIFFORD,1010
2023-03-14 22:44,Sandy Marton,Camel by Camel - Mix Vocal,1420
2023-03-14 22:44,Erik Correll,"Great Fairy Fountain (From ""The Legend of Zelda"") [Piano Etude]",610
2023-03-14 22:44,Masaki Matsubara,Moonlight Cruise,3120
2023-03-14 22:44,Clive Carroll,Boone Dog,560
2023-03-14 22:44,Men I Trust,Sugar,1330
2023-03-14 22:44,Emi Evans,Wish...,200
2023-03-14 22:44,Polyphia,Playing God,1470
2023-03-14 22:44,Polyphia,Playing God,880
2023-03-14 22:44,Laava,Wherever You Are (I Feel Love) - Dance Edit,500
2023-03-14 22:45,Aether,Elements,350
2023-03-14 22:45,Polyphia,Bad,180
2023-03-14 22:45,S. Kiyotaka & Omega Tribe,Sexy Halation,260
2023-03-14 22:45,TOKYOPILL,Let's All Love Lain,290
2023-03-14 22:45,Jason Becker,Triumphant Heart,160
2023-03-14 22:45,Windows 96,Caligula,380
2023-03-14 22:45,Lizz Robinett,"Love Like You (From ""Steven Universe"")",90
2023-03-14 22:45,Winterfylleth,The Shepherd,240
2023-03-14 22:45,Sanna Aalto,Movement,330
2023-03-14 22:45,BAND-MAID,Black Hole,540
2023-03-14 22:45,YOASOBI,Epilogue,180
2023-03-14 22:45,SEBii,Play Poker Remix - Remix,210
2023-03-14 22:45,Tears For Fears,Woman In Chains,650
2023-03-14 22:45,Guthrie Govan,T&C,200
2023-03-14 22:45,John Petrucci,Happy Song,240
2023-03-14 22:45,DOLL$BOXX,Hero,540
2023-03-14 22:45,crypvolk,Tourner Dans Le Vide (Hardstyle),380
2023-03-14 22:45,Them Crooked Vultures,Gunman,410
2023-03-14 22:45,Lizz Robinett,"Lost in Thoughts All Alone (From ""Fire Emblem Fates"")",290
2023-03-14 22:45,SQUARE ENIX MUSIC,Dispossession - Pluck Ver.,1640
2023-03-14 22:45,Jason Becker,End of the Beginning,150
2023-03-14 22:45,Yunyakosva,"Go on, Apologize (Motivational)",390
2023-03-14 22:45,Ariabl'eyeS,Romanesque Romancia,300
2023-03-14 22:45,Chevy,Floating,400
2023-03-14 22:45,Igorrr,Absolute Psalm,610
2023-03-14 22:45,zeinxd,Berserk,460
2023-03-14 22:45,Racer X,Technical Difficulties,960
2023-03-14 22:45,Elvis Presley,"Unchained Melody (Bonus Track) - Live at Ann Arbor, MI",690
2023-03-14 22:45,Da Tweekaz,How Far I'll Go,12460
2023-03-14 22:47,Men I Trust,Billie Toppy,780
2023-03-14 22:47,Men I Trust,Billie Toppy,6370
2023-03-14 22:47,Yosuf,Anadrol,89410
2023-03-14 22:47,Engelbert Humperdinck,Everybody Knows (We're Through),7970
2023-03-14 22:47,Masayoshi Takanaka,DISCO “B”,520
2023-03-14 22:47,Masayoshi Takanaka,DISCO “B”,1040
2023-03-14 22:47,Men I Trust,Sorbitol,1230
2023-03-14 22:47,DOLL$BOXX,Sekaiwa Kitto Aiwo Shitterunda,710
2023-03-14 22:47,DOLL$BOXX,Sekaiwa Kitto Aiwo Shitterunda,3550
2023-03-14 22:47,DOLL$BOXX,Sekaiwa Kitto Aiwo Shitterunda,2610
2023-03-14 22:47,Yoko Takahashi,A Cruel Angel's Thesis (Director's Edit Version),830
2023-03-14 22:47,Yoko Takahashi,A Cruel Angel's Thesis (Director's Edit Version),10530
2023-03-14 22:47,Yngwie Malmsteen,Arpeggios from Hell,270
2023-03-14 22:47,Yngwie Malmsteen,Arpeggios from Hell,1270
2023-03-14 22:47,Yngwie Malmsteen,Arpeggios from Hell,3110
2023-03-14 22:47,Yngwie Malmsteen,Arpeggios from Hell,860
2023-03-14 22:48,セキトオ・シゲオ,ザ・ワード II,1470
2023-03-14 22:48,Engelbert Humperdinck,A Place In The Sun,1230
2023-03-14 22:48,Otis Redding,(Sittin' On) the Dock of the Bay,980
2023-03-14 22:48,Lihua Zhao,For Peace,690
2023-03-14 22:48,TOKYOPILL,Bloody Snow,1190
2023-03-14 22:48,SAGEISKAMI,BLOOD X,860
2023-03-14 22:48,Laufey,I Wish You Love,850
2023-03-14 22:48,岡部啓一,Weight of the World Kowaretasekainouta - Marina Kawano,960
2023-03-14 22:48,Tiffany Young,Run For Your Life,1090
2023-03-14 22:48,China Crisis,Gift Of Freedom,840
2023-03-14 22:48,Hollywood Burns,Enter the Yakuza Club,1130
2023-03-14 22:48,Shitmat,Front 2 Da Back,910
2023-03-14 22:48,Laica,Close to Me,1090
2023-03-14 22:48,Yunyakosva,"Go on, Apologize (Motivational)",32330
2023-03-14 22:48,HEIZE,HAPPEN,980
2023-03-14 22:48,Indigo De Souza,The Sun Is Bad,1530
2023-03-14 22:48,Jordana,Summer's Over,6830
2023-03-14 22:48,Polyphia,Aviator,940
2023-03-14 22:48,Lately Lui,Amsterdam,1030
2023-03-14 22:48,CLC,I Need U,1430
2023-03-14 22:48,Omori,Duet,1250
2023-03-14 22:48,Nedaj,LET U GO,1110
2023-03-14 22:49,Galdive,Dear Matias,1960
2023-03-14 22:49,The Marías,Only in My Dreams,540
2023-03-14 22:49,SQUARE ENIX MUSIC,City of Commerce,240
2023-03-14 22:49,Melanie Martinez,Play Date,90
2023-03-14 22:49,Marty Friedman,The Perfect World,530
2023-03-14 22:49,Xanthochroid,Of Aching Empty Pain,210
2023-03-14 22:49,Keith Whitley,"Miami, My Amy",420
2023-03-14 22:49,Polyphia,All Falls Apart,1900
2023-03-14 22:49,DV-i,Resonance,650
2023-03-14 22:49,Yosuf,Anavar,18670
2023-03-14 22:49,Natalie Cole,Walkin' My Baby Back Home,1980
2023-03-14 22:49,HAARPER,SKINWALKER,3090
2023-03-14 22:49,keshi,i swear i'll never leave again,270
2023-03-14 22:49,Jason Becker,You Do It,570
2023-03-14 22:49,Dream Theater,Pull Me Under,560
2023-03-14 22:49,Bathe Alone,Childhood,520
2023-03-14 22:49,Yosuf,Barbatos,710
2023-03-14 22:49,Kenny Chesney,Ten with a Two,200
2023-03-14 22:49,Lee Brice,Memory I Don't Mess With,660
2023-03-14 22:49,Weki Meki,Tiki-Taka (99%),1230
2023-03-14 22:49,Their Dogs Were Astronauts,Stormwater,570
2023-03-14 22:49,MIMIDEATH,Hop In!,120
2023-03-14 22:49,Engelbert Humperdinck,Quando Quando Quando,270
2023-03-14 22:49,SQUARE ENIX MUSIC,Yonah - Strings Ver.,200
2023-03-14 22:49,SQUARE ENIX MUSIC,Song of the Ancients / Fate,630
2023-03-14 22:49,GALNERYUS,HEAVENLY PUNISHMENT,270
2023-03-14 22:49,DJ Weslley Oliveira,Mega Funk Vai Mostrar Peitin,210
2023-03-14 22:49,Cesium 137,Ghosting,620
2023-03-14 22:49,B.J. Thomas,Raindrops Keep Fallin' on My Head - Rerecorded,310
2023-03-14 22:49,Asia,Heat Of The Moment,260
2023-03-14 22:49,Garoad,Glitch City (Bonus Track),590
2023-03-14 22:49,Tomoko Aran,Lonely Night,160
2023-03-14 22:49,Guthrie Govan,Jelly Bean,1680
2023-03-14 22:49,Anri,Fly By Day,810
2023-03-14 22:49,Aimer,twoface,730
2023-03-14 22:49,Their Dogs Were Astronauts,Low Life,150
2023-03-14 22:49,Franz Liszt,"Liebestraum No. 3 in A-Flat Major, S. 541 / 3",530
2023-03-14 22:49,Myuu,Charming Strain,370
2023-03-14 22:49,Tennis,Runner,880
2023-03-14 22:49,Cesium 137,Mask,1930
2023-03-14 22:49,China Crisis,Black Man Ray,190
2023-03-14 22:49,Marcell,Putri Remaja,520
2023-03-14 22:49,Polyphia,So Strange (feat. Cuco),350
2023-03-14 22:49,Kenta Yago,On a Starry Night,280
2023-03-14 22:49,Anri,Resolution,620
2023-03-14 22:49,Winterfylleth,Aefterield-Fréon,1020
2023-03-14 22:49,HAARPER,CHARMANDER,710
2023-03-14 22:49,Mariya Takeuchi,Plastic Love,100
2023-03-14 22:49,Eric Johnson,Stratagem,340
2023-03-14 22:49,IRONBUNNY,Steel 6 -the strong gage-,70
2023-03-14 22:49,Stratovarius,Black Diamond,450
2023-03-14 22:49,Jean-Philippe Rameau,"Castor et Pollux, RCT 32, Acte I, Scène III: Prélude - Air accompagné ""Tristes apprêts""",3070
2023-03-14 22:49,SQUARE ENIX MUSIC,Shadowlord,610
2023-03-14 22:49,II-L,SPUTNIK-3,600
2023-03-14 22:49,Besomage,I Will Survive,380
2023-03-14 22:51,Da Tweekaz,Lambada (Your Love),72320
2023-03-14 22:53,Stratovarius,Survive,1044
2023-03-14 22:53,Powerwolf,Dancing with the Dead,9503
2023-03-14 22:53,Billy Joel,Pressure,905
2023-03-14 22:53,Jessica Pratt,Crossing,1555
2023-03-14 22:53,Kakichoco,Zan-ei,1648
2023-03-14 22:53,Engelbert Humperdinck,Alone In The Night,534
2023-03-14 22:53,Funk Fiction,"Press Garden (From ""Sonic Mania"")",719
2023-03-14 22:53,China Crisis,Gift Of Freedom,1509
2023-03-14 22:53,Purity Ring,soshy,1207
2023-03-14 22:53,Sammy Johnson,Same Boat,789
2023-03-14 22:53,Adriano Celentano,Prisencolinensinainciusol,882
2023-03-14 22:53,creamy,all the kids are depressed,129807
2023-03-14 22:53,TELECiDE,Rebirth,1160
2023-03-14 22:53,Marcell,Firasat,719
2023-03-14 22:53,Indila,Ainsi bas la vida,835
2023-03-14 22:53,Megadeth,Symphony Of Destruction,534
2023-03-14 22:53,Men I Trust,Sugar,766
2023-03-14 22:53,DAZBEE,アディオス,1184
2023-03-14 22:53,Aimer,Falling Alone,1973
2023-03-14 22:53,Naked Eyes,"Promises, Promises - US Single Version",789
2023-03-14 22:53,MAISONdes,ヨワネハキ,2438
2023-03-14 22:53,Moe Shop,Love Taste,696
2023-03-14 22:53,FEMM,My Revolution,952
2023-03-14 22:57,Marcell,Firasat,247853
2023-03-14 23:02,Engelbert Humperdinck,Alone In The Night,275266
2023-03-14 23:03,Megan Wofford,Awake,44374
2023-03-14 23:04,TOKYOPILL,11 p.m,14187
2023-03-14 23:04,Yosuf,War,2275
2023-03-14 23:04,KREAM,About You,56726
2023-03-14 23:06,Funk Fiction,K.K. Cruisin',110039
2023-03-14 23:08,Unprocessed,Deadrose,2763
2023-03-14 23:08,SXMPRA,DON'T BREATHE!,2414
2023-03-14 23:08,Tevvez,Powerful Ambition,5363
2023-03-14 23:08,Masayoshi Takanaka,FUNKY HOLO HOLO BIRD,99404
2023-03-14 23:08,Aimer,insane dream,10332
2023-03-14 23:08,King Gnu,一途,1486
2023-03-14 23:08,☆Taku Takahashi,Hard Cocktail,4574
2023-03-14 23:08,Igorrr,Pallbearer,2252
2023-03-14 23:09,Joy Oladokun,Sweet Symphony (with Chris Stapleton),64551
2023-03-14 23:13,China Crisis,Wishful Thinking,250706
2023-03-14 23:14,BlackY,Kaguya,28082
2023-03-14 23:15,The 8-Bit Big Band,"Snake Eater (From ""Metal Gear Solid 3"")",97825
2023-03-15 00:21,Ariabl'eyeS,Meimei Memoria,213
2023-03-15 00:21,Besomage,Chandelier,4842
2023-03-15 00:21,Ariabl'eyeS,Symmetric Rose,2944
2023-03-15 00:21,Ariabl'eyeS,Fine,277
2023-03-15 00:22,Ariabl'eyeS,Réunion,30527
2023-03-15 00:23,Ariabl'eyeS,Romanesque Romancia,54591
2023-03-15 05:15,A Boogie Wit da Hoodie,Still Think About You,0
2023-03-15 05:15,A Boogie Wit da Hoodie,Secrets,106
2023-03-15 05:15,A Boogie Wit da Hoodie,My Shit,149
2023-03-15 05:15,Erik Satie,Gymnopédie No. 1,4458
2023-03-15 05:15,A Boogie Wit da Hoodie,Look Back at It,3114
2023-03-15 05:15,A Boogie Wit da Hoodie,Drowning (feat. Kodak Black),0
2023-03-15 05:15,A Boogie Wit da Hoodie,Drowning (feat. Kodak Black),17258
2023-03-15 05:16,Avenged Sevenfold,Nobody,56640
2023-03-15 09:59,Yeat,Mysëlf,2790
2023-03-15 10:03,Yeat,No morë talk,205170
2023-03-15 10:03,Yeat,Nun id change,28470
2023-03-15 10:05,Yeat,Bad bënd / DëMON,9350
2023-03-15 10:05,Yeat,No morë talk,59590
2023-03-15 10:06,8-Bit Arcade,The Legend Of Zelda A Link To The Past - Fairy Theme,2220
2023-03-15 10:06,The Five Satins,In The Still of the Night,840
2023-03-15 10:06,Yeat,No morë talk,65460
2023-03-15 10:06,Garoad,Lifebeat of Lilim (Bonus Track),1410
2023-03-15 10:09,MIMIDEATH,Bethlehem Entity Xmas Party Gifts Thru the Dna Spiral,870
2023-03-15 10:09,Lythx,Papaz İsa,1430
2023-03-15 10:09,Polyphia,Genesis (feat. Brasstracks),1080
2023-03-15 10:09,Stereolab,Come And Play In The Milky Night (Demo),1190
2023-03-15 10:09,Laava,Wherever You Are (I Feel Love) - Dance Edit,165300
2023-03-15 10:10,Pouya,Daddy Issues,0
2023-03-15 10:10,Arkadiusz Reikowski,My Brother Rabbit: Dreams (Original Game Soundtrack),1020
2023-03-15 10:10,Djo,Flash Mountain,810
2023-03-15 10:10,SHIMA,Machine,920
2023-03-15 10:10,Their Dogs Were Astronauts,Neon Theatre,180
2023-03-15 10:10,Ariabl'eyeS,Fine,23560
2023-03-15 10:10,GALNERYUS,HEAVENLY PUNISHMENT,970
2023-03-15 10:10,League of Legends,Legends Never Die,1010
2023-03-15 10:10,Giuseppe Verdi,Dies Irae,1490
2023-03-15 10:10,Masayoshi Takanaka,BRASILIAN SKIES,490
2023-03-15 10:10,Marcell,Putri Remaja,30190
2023-03-15 10:10,Anri,あなたを抱いた夜,240
2023-03-15 10:10,Ryo Fukui,ノード(Remastered),330
2023-03-15 10:10,NOTD,I Wanna Know (feat. Bea Miller),1500
2023-03-15 10:10,HARDSTYLE CVNT,LIGHTS,1890
2023-03-15 10:10,Ryo Fukui,マイ・フーリッシュ・ハート(Remastered),0
2023-03-15 10:10,Witchouse 40k,Egodeath,810
2023-03-15 10:11,VINAI,Touch,32570
2023-03-15 10:11,Marcell,The Best for You,1200
2023-03-15 10:11,Aexion,Colorful,1410
2023-03-15 10:12,TesseracT,Beneath My Skin / Mirror Image,13150
2023-03-15 10:12,TesseracT,Beneath My Skin / Mirror Image,910
2023-03-15 10:12,☆Taku Takahashi,Hard Cocktail,530
2023-03-15 10:12,☆Taku Takahashi,Hard Cocktail,980
2023-03-15 10:12,Kathleen,Pure Imagination,66940
2023-03-15 10:13,Fritz Kreisler,Liebesleid (Love's Sorrow),0
2023-03-15 10:13,Masayoshi Takanaka,THAT'S THE WAY OF THE WORLD,43710
2023-03-15 10:13,1986 OMEGA TRIBE,Cosmic Love,0
2023-03-15 10:13,Cesium 137,No Contact,1430
2023-03-15 10:13,YOASOBI,怪物,1030
2023-03-15 10:13,Soilwork,This Momentary Bliss,960
2023-03-15 10:13,Polyphia,Icronic,2640
2023-03-15 10:13,Park Bird,If I Could Ride a Bike,830
2023-03-15 10:14,Them Crooked Vultures,New Fang,4730
2023-03-15 10:14,Aimer,声色,870
2023-03-15 10:14,Powerwolf,Call of the Wild,6430
2023-03-15 10:14,Anri,Lady Sunshine,17660
2023-03-15 10:14,Engelbert Humperdinck,If It Comes To That,860
2023-03-15 10:14,Engelbert Humperdinck,If It Comes To That,540
2023-03-15 10:14,oDDling,Make Believe,900
2023-03-15 10:14,Guthrie Govan,Jelly Bean,780
2023-03-15 10:14,Guthrie Govan,Jelly Bean,3720
2023-03-15 10:14,Shady Cicada,This Is Fine,660
2023-03-15 10:14,Equilibrium,One Folk,1080
2023-03-15 10:15,King Gnu,逆夢,61970
2023-03-15 10:16,Unlike Pluto,Everything Black,13340
2023-03-15 10:16,Anri,Good Bye Boogie Dance,1800
2023-03-15 10:16,Anri,夏に背を向けて,1960
2023-03-15 10:16,BAND-MAID,Choose me,61430
2023-03-15 10:17,puremind,Only Girl,34050
2023-03-15 10:18,Nedaj,Fuji,54940
2023-03-15 10:18,Caitlin Myers,Stay with Me,1580
2023-03-15 10:18,Caitlin Myers,Stay with Me,1790
2023-03-15 10:18,S. Kiyotaka & Omega Tribe,ガラスのPALM TREE,480
2023-03-15 10:18,S. Kiyotaka & Omega Tribe,ガラスのPALM TREE,1150
2023-03-15 10:18,SQUARE ENIX MUSIC,Snow in Summer,960
2023-03-15 10:18,Tomoko Aran,ジ・レ・ン・マ,1390
2023-03-15 10:18,Jean Sibelius,"5 Pieces, Op. 75, ""The Trees"": No. 3 Aspen",0
2023-03-15 10:20,S. Kiyotaka & Omega Tribe,ガラスのPALM TREE,94410
2023-03-15 10:20,Camille Saint-Saëns,"The Carnival of the Animals, R. 125: XIII. The Swan (Arr. for Cello and Piano)",4340
2023-03-15 10:20,Jean Sibelius,"5 Pieces, Op. 75, ""The Trees"": No. 3 Aspen",1500
2023-03-15 10:22,Powerwolf,Undress to Confess,129310
2023-03-15 10:22,Kiyotaka Sugiyama,ROLLING MEMORIES,1380
2023-03-15 10:23,Coone,Toss A Coin To Your Witcher,58480
2023-03-15 10:26,Gooseworx,Blackhole Blitz,5580
2023-03-15 10:26,DM DOKURO,Scourge of the Universe,156210
2023-03-15 10:26,Tee Lopes,"Lights, Camera, Action! - Studiopolis Zone Act 1",4900
2023-03-15 10:28,1986 OMEGA TRIBE,Indian' Summer,1030
2023-03-15 10:28,HAARPER,CINNAMON,2330
2023-03-15 10:28,HAARPER,CINNAMON,160
2023-03-15 10:28,SXMPRA,HELLA DUSTY!,790
2023-03-15 10:28,PPF,Life Is Beautiful (Deadly Premonition),123020
2023-03-15 10:28,Gilbert O'Sullivan,Who Was It?,1520
2023-03-15 10:28,Willie Nelson,Old Fords and a Natural Stone,290
2023-03-15 10:28,ESPRIT 空想,Esprit.Wav,710
2023-03-15 10:28,LIZOT,Menage A Trois,1660
2023-03-15 10:28,UNDEAD CORPORATION DOUJIN WORKS,常世想兼神,25930
2023-03-15 10:28,Slowdive,When the Sun Hits,2650
2023-03-15 10:29,Dem Franchize Boyz,Turn Heads,820
2023-03-15 10:29,Willie Nelson,Old Fords and a Natural Stone,2200
2023-03-15 10:29,China Crisis,King In A Catholic Style (Wake Up),840
2023-03-15 10:29,RichaadEB,Flowering Night,7390
2023-03-15 10:29,Franz Liszt,"Liebestraum No. 3 in A-Flat Major, S. 541 / 3",980
2023-03-15 10:29,Igorrr,Spaghetti Forever,820
2023-03-15 10:30,YOASOBI,優しい彗星,78660
2023-03-15 10:31,Them Crooked Vultures,Spinning in Daffodils,800
2023-03-15 10:31,Jan Cyrka,Aching Heart,49250
2023-03-15 10:31,☆Taku Takahashi,New Disco on the Block,930
2023-03-15 10:31,CLC,To the sky,1250
2023-03-15 10:31,yeule,Pretty Bones,11570
2023-03-15 10:32,Caitlin Myers,Suki Suki Daisuki,4890
2023-03-15 10:32,Tiffany Young,Run For Your Life,890
2023-03-15 10:32,Xxtarlit⚸,untitled,74870
2023-03-15 10:35,Looking Glass,Sweet Somethin',168693
2023-03-15 10:42,Cocteau Twins,Pandora (for Cindy),190
2023-03-15 10:42,Stratovarius,Stratosphere,2020
2023-03-15 10:42,BEAUZ,Count The Hours,1140
2023-03-15 10:42,Tee Lopes,"Lights, Camera, Action! - Studiopolis Zone Act 1",1250
2023-03-15 10:42,JORDANN,Effective Communication,920
2023-03-15 10:42,Calvin Harris,Blame (feat. John Newman),191036
2023-03-15 10:42,.Uzu,My Gamecube Broke.,810
2023-03-15 10:42,BABYMETAL,Kagerou,1090
2023-03-15 10:43,Cocteau Twins,Pandora (for Cindy),1080
2023-03-15 10:43,JORDANN,Effective Communication,73740
2023-03-15 10:43,Xanthochroid,Through Chains That Drag Us Downward,10110
2023-03-15 10:43,Xanthochroid,To Souls Distant and Dreaming,6440
2023-03-15 10:43,Johannes Brahms,"21 Hungarian Dances, WoO 1: Hungarian Dance No. 5 in G Minor. Allegro (Orch. Schmeling)",2120
2023-03-15 10:44,Xanthochroid,Of Gods Bereft of Grace,1570
2023-03-15 10:44,Cocteau Twins,Summerhead,1650
2023-03-15 10:44,Red Velvet,Psycho,22790
2023-03-15 10:44,Imperial Circus Dead Decadence,腐蝕ルサンチマン、不死欲の猿楽座。,15250
2023-03-15 10:44,CLC,I Need U,8680
2023-03-15 11:17,Yeat,No morë talk,24362
2023-03-15 21:06,keshi,War With Heaven,882
2023-03-15 21:06,Yeat,Sum 2 do,1160
2023-03-15 21:06,Yeat,Split,952
2023-03-15 21:06,Avantasia,The Looking Glass,1230
2023-03-15 21:06,Pierce The Veil,Besitos,650
2023-03-15 21:06,Lizz Robinett,"Lost in Thoughts All Alone (From ""Fire Emblem Fates"")",626
2023-03-15 21:06,Equilibrium,One Folk,650
2023-03-15 21:06,Yeat,No morë talk,144497
2023-03-15 21:06,Sewerslvt,Kawaii Razor Blades,859
2023-03-15 21:07,Syrex,La La La (Nightcore),534
2023-03-15 21:07,Syrex,La La La (Nightcore),23150
2023-03-15 21:07,JKT48,Fortune Cookie Yang Mencinta,487
2023-03-15 21:07,ABBA,Angeleyes,371
2023-03-15 21:07,Nedaj,Code,510
2023-03-15 21:07,Masego,Sunday Vibes,580
2023-03-15 21:07,Jan Cyrka,Hairy Times,278
2023-03-15 21:07,The Neighbourhood,Compass,441
2023-03-15 21:07,Impellitteri,17th Century Chicken Pickin',766
2023-03-15 21:07,BAND-MAID,FATE,580
2023-03-15 21:07,Platina Jazz,"Come, Sweet Death (From ""Neon Genesis Evangelion"") (feat. Niklas Gabrielsson)",534
2023-03-15 21:07,Jason Becker,Primal,487
2023-03-15 21:07,Chon,Suda,441
2023-03-15 21:07,Powerwolf,Sermon of Swords,580
2023-03-15 21:07,Dan Johansen,Edge of the Sword,301
2023-03-15 21:07,Engelbert Humperdinck,The Shadow Of Your Smile,510
2023-03-15 21:07,keshi,i swear i'll never leave again,278
2023-03-15 21:07,Kuniyuki Takahashi,Memories of Dust,6013
2023-03-15 21:07,Avenged Sevenfold,Save Me,208
2023-03-15 21:07,Avenged Sevenfold,Save Me,882
2023-03-15 21:07,Michael Jackson,You Are Not Alone,371
2023-03-15 21:07,Makoto Matsushita,One Hot Love - 2018 Remaster,1578
2023-03-15 21:07,Makoto Matsushita,One Hot Love - 2018 Remaster,510
2023-03-15 21:07,92914,Colors Of You,557
2023-03-15 21:07,INXS,Need You Tonight,487
2023-03-15 21:07,BlackY,Sthenno,487
2023-03-15 21:07,Tomoko Aran,Lonely Night,603
2023-03-15 21:07,Nedaj,TAKEOFF,952
2023-03-15 21:07,Nedaj,TAKEOFF,580
2023-03-15 21:07,Jacob's Piano,"G Minor Bach (From ""Piano Tiles 2"")",673
2023-03-15 21:07,Jacob's Piano,"G Minor Bach (From ""Piano Tiles 2"")",325
2023-03-15 21:07,Jacob's Piano,"G Minor Bach (From ""Piano Tiles 2"")",348
2023-03-15 21:07,Machine Girl,Ghost,417
2023-03-15 21:07,Machine Girl,Ghost,650
2023-03-15 21:07,MIMIDEATH,if god didnt want us to snort worms he wouldn't have made them cylindrical!,510
2023-03-15 21:07,Park Bird,If I Could Ride a Bike,673
2023-03-15 21:07,Jean Sibelius,"5 Pieces, Op. 75, ""The Trees"": No. 3 Aspen",487
2023-03-15 21:07,GALNERYUS,LET US SHINE,835
2023-03-15 21:07,GALNERYUS,LET US SHINE,743
2023-03-15 21:07,Sub Zero Project,Rave Culture 2022,1068
2023-03-15 21:07,DOLL$BOXX,Dragonet,510
2023-03-15 21:08,Besomage,I Will Survive,14094
2023-03-15 21:11,Da Tweekaz,White Lines,190739
2023-03-15 21:13,Nujabes,Spiral,115263
2023-03-15 21:16,Da Tweekaz,White Lines,225721
2023-03-15 21:18,SICK LEGEND,PART OF ME HARDSTYLE,87167
2023-03-15 21:20,Garoad,Every Day Is Night,73166
2023-03-15 21:24,Yosuf,Tren,5479
2023-03-15 21:24,zeinxd,Berserk,257578
2023-03-15 21:24,HARDSTYLE CVNT,LIGHTS,2995
2023-03-15 21:25,shift,The Revolution,1973
2023-03-15 21:25,Sinan Onu,Yeah Buddy,28676
2023-03-15 21:25,MYSK,WHAT IS THAT MELODY? Hardstyle,55704
2023-03-15 21:27,Maul,The Legend Of Fuarkistan,94412
2023-03-15 21:27,Anri,LOST LOVE IN THE RAIN,1114
2023-03-15 21:28,Akimbo Beats,Miss The Phonk,48529
2023-03-15 21:28,Naeleck,Creep - Hardstyle Remix,26888
2023-03-15 21:28,Djo,Flash Mountain,278
2023-03-15 21:28,Yosuf,Barbatos,4202
2023-03-15 21:31,Yosuf,War,139296
2023-03-15 21:31,puremind,Malo Tebya,43398
2023-03-15 21:33,Maul,JoJo Hardstyle,72771
2023-03-15 21:33,Maul,Fairy Fountain,46207
2023-03-15 21:33,Sub Zero Project,Rave Culture 2022,1346
2023-03-15 21:34,Yosuf,Eternity,50758
2023-03-15 21:35,Ariabl'eyeS,Meimei Memoria,3808
2023-03-15 21:35,Alucard,Breathe X Obito Hardstyle,17345
2023-03-15 21:35,Yukihira,Zoro's Oath X Sadness Hardstyle,952
2023-03-15 21:35,Ariabl'eyeS,Réunion,14860
2023-03-15 21:35,Ariabl'eyeS,Réunion,1764
2023-03-15 21:35,SICK LEGEND,SUMMER TIME SADNESS HARDSTYLE,21664
2023-03-15 21:35,SQUARE ENIX MUSIC,Shadowlord - White-note Remix *Not in game,208
2023-03-15 21:39,WHITEFISTS,Shadow Call,197295
2023-03-15 21:40,Da Tweekaz,White Lines,98119
2023-03-15 21:41,TWICE,CRY FOR ME,7198
2023-03-15 21:41,Yeat,No morë talk,65666
2023-03-15 21:42,Avantasia,The Looking Glass,3877
2023-03-15 21:42,Nightwish,Wishmaster,13815
2023-03-15 21:42,Nightwish,Élan,44651
2023-03-15 21:42,Rhapsody,Holy Thunderforce,1904
2023-03-15 21:43,Stratovarius,Survive,510
2023-03-15 21:43,Lena Raine,Reflection,1091
2023-03-15 21:43,UNDEAD CORPORATION DOUJIN WORKS,常世想兼神,45255
2023-03-15 21:43,Led Zeppelin,Going to California - Remaster,11331
2023-03-15 21:44,Gorillaz,Tormenta (feat. Bad Bunny),52244
2023-03-15 21:47,Animals As Leaders,The Brain Dance,132911
2023-03-15 21:47,VERRAT,Jagermeister - Short Version,1834
2023-03-15 21:47,Djo,Flash Mountain,7244
2023-03-15 21:47,Billy Joel,She's Always a Woman,2182
2023-03-15 21:49,Orion Sun,without you (interlude),166045
2023-03-15 21:50,Sienna Sleep,I Can't Sleep 2,4806
2023-03-15 21:50,Tevvez,Powerful Ambition,394
2023-03-15 21:50,Beach House,Space Song,14396
2023-03-15 21:50,Lily Chou-Chou,グライド,8893
2023-03-15 21:50,TOOL,Invincible,4806
2023-03-15 21:50,Syrex,Just Dance (Nightcore),278
2023-03-15 21:50,Rousseau,Arabesque No. 1,16137
2023-03-15 21:50,Laica,Close to Me,952
2023-03-15 21:50,Jolianne,Halfway There,1439
2023-03-15 21:50,Tevvez,Legend,835
2023-03-15 21:50,Slowbarry,Мёртвый Внутри,1137
2023-03-15 21:50,Elton John,Goodbye Yellow Brick Road - Remastered 2014,1811
2023-03-15 21:50,ItAllCanWait,Тейватский лесник,1230
